Country,electricity,mortality,emissions,emissionsCapita,CPI,Current health expenditure (% of GDP),GDPGrowth,GDP,EducationSpending,Internet,lifeexp,Literacy,popLargeCity,Unemployment,population,continent
Afghanistan,97.7,33.211,7380,0.203327569,145.6107414,11.77723598,2.647003202,571.4452409,15.66137981,..,64.13,..,3913297,11.18,39074280,Asia
Albania,99.89,11.934,5600,1.948872038,115.0592696,5.01059723,3.802197488,4864.310616,12.39080048,62.4,78.333,..,466651,13.62,2877239,Europe
Algeria,99.61513519,24.846,145100,3.505747662,142.3842032,6.38032866,1.3,4793.936244,..,47.69105515,76.499,..,2659373,13.57,43984569,Africa
Algeria,99.61513519,24.846,145100,3.505747662,142.3842032,6.38032866,1.3,4793.936244,..,47.69105515,76.499,..,2659373,13.57,43984569,Africa
American Samoa,..,16.6,..,..,..,..,-6.98757764,9224.604762,..,..,..,..,..,..,55169,Africa
Andorra,100,..,470,6.104133927,..,6.54431868,0.34607189,44433.05219,18.9569397,91.56746703,..,..,..,..,77287,Europe
Angola,43.0016098,41.281,30840,1.0343173,270.5102195,2.79150295,-0.147212941,3409.927901,..,32,60.379,..,7515345,..,33032075,Africa
Antigua and Barbuda,100,15.53,500,5.239717055,112.4501693,5.17094231,3.144598617,14220.52085,..,..,76.752,..,..,..,98069,North America
Argentina,100,17.205,180120,4.089471516,..,10.45704365,2.818502978,10419.45541,13.26391983,74.29490687,76.372,..,14879100,8.35,45267449,South America
Argentina,100,17.205,180120,4.089471516,..,10.45704365,2.818502978,10419.45541,13.26391983,74.29490687,76.372,..,14879100,8.35,45267449,Europe
Armenia,99.7,14.298,5320,1.806581049,124.2076293,10.36270523,7.500000002,4198.823265,10.40312958,64.74488433,74.797,99.73606873,1077299,17.7,2964219,Europe
Aruba,100,11.532,..,..,101.3851388,..,1.999999104,26631.46904,..,97.17,76.01,..,..,..,106845,..
Australia,100,12.6,387200,15.7386474,115.6867846,9.20544815,2.300610624,56058.46595,13.61341,86.54504885,82.5,..,4708150,5.59,25550683,Oceania
Australia,100,12.6,387200,15.7386474,115.6867846,9.20544815,2.300610624,56058.46595,13.61341,86.54504885,82.5,..,4708150,5.59,25550683,Europe
Austria,100,10,65830,7.482751479,113.9997392,10.38262367,2.399587603,49031.10703,10.95016003,87.93558659,81.64390244,..,1878456,5.5,9015361,Europe
Austria,100,10,65830,7.482751479,113.9997392,10.38262367,2.399587603,49031.10703,10.95016003,87.93558659,81.64390244,..,1878456,5.5,9015361,Oceania
Azerbaijan,100,14.6,31970,3.244356904,149.5083333,3.73651457,0.153614647,5765.410772,6.950399876,79,72.693,99.79122925,2258971,5,10154978,Europe
"Bahamas, The",100,14.049,2150,5.631972841,110.879784,6.83129883,3.115613515,28283.40714,..,85,73.554,..,..,9.8,..,North America
"Bahamas, The",100,14.049,2150,5.631972841,110.879784,6.83129883,3.115613515,28283.40714,..,85,73.554,..,..,9.8,..,North America
Bahrain,100,14.365,30380,20.33362404,115.1846987,4.74813128,4.290949778,22167.03377,7.180349827,95.87813575,77.032,97.40389252,519958,..,1711057,Asia
Bangladesh,88,18.501,78710,0.492906613,161.2264589,2.27522182,7.284174423,1127.166886,..,10.3,72.052,72.89296722,18894385,4.37,164972348,Asia
Barbados,100,10.683,1200,4.192447306,124.245074,6.62216997,0.475110679,16254.46758,12.87915039,81.76077839,78.981,..,..,8.62,287437,North America
Belarus,100,10.8,56240,5.921082,459.0252181,5.75974846,2.5321835,6375.28893,12.28168964,74.43644541,74.12926829,..,1984675,5.65,9448772,Europe
Belgium,100,10.5,92770,8.155491115,113.1289026,10.40608311,1.621547198,46415.27805,12.49032974,87.67968082,81.49268293,..,2033713,7.09,11598451,Europe
Belize,94.18984222,21.081,650,1.729758499,..,5.70125389,1.812936351,4211.618921,21.29523087,47.0826258,74.365,..,..,6.6,398845,North America
Benin,34.5,36.621,7360,0.65860166,110.791799,2.6444838,5.671555469,1166.761917,19.87965012,13.3,61.174,..,867158,..,12175480,Africa
Bermuda,100,9.3,..,..,..,..,3.611419837,94309.58488,7.773469925,98.37,81.44195122,..,..,..,62237,North America
Bhutan,97.7,17.459,1330,1.783886808,158.4306914,3.24491644,4.651834675,3072.040901,24.04097939,..,71.129,66.5611496,..,..,773069,Asia
Bolivia,91.8,22.076,22250,1.987875656,142.4029535,6.4901948,4.195206334,2490.956447,..,43.83227607,70.945,..,1790827,3.65,11700207,South America
Bosnia and Herzegovina,100,8.293,22650,6.758099426,102.8515861,8.93159008,3.171434875,5828.704363,..,64.89202051,77.128,..,342509,20.53,3277152,Europe
Botswana,67.4,25.396,7870,3.569037983,141.143034,6.13456821,2.903997732,7859.354333,..,41.41379464,68.812,..,..,..,2359585,Africa
Brazil,99.8,14.125,449840,2.164421504,155.6687862,9.46933746,1.322869055,11021.71858,16.51235962,67.47128452,75.456,93.07582092,21391624,12.82,212821986,South America
British Virgin Islands,100,..,..,..,..,..,..,..,..,77.70426829,..,..,..,..,30266,..
Brunei Darussalam,100,15.376,6710,15.80753909,98.40633836,2.27036428,1.328602552,31752.14238,..,94.86669164,75.585,..,..,9.32,..,Asia
Brunei Darussalam,100,15.376,6710,15.80753909,98.40633836,2.27036428,1.328602552,31752.14238,..,94.86669164,75.585,..,..,9.32,..,Africa
Bulgaria,100,9,44040,6.223901903,107.9361475,7.45326805,3.50275153,8353.968238,12.73095036,63.41010138,74.81463415,..,1266840,6.16,6939018,Europe
Burkina Faso,17.21655655,38.419,4070,0.212053871,109.8315227,6.91190195,6.203489411,771.6498739,21.44400024,12,60.768,..,2415851,..,20997293,Africa
Burundi,9.3,39.646,570,0.052646114,188.6825292,7.51763725,0.500009999,214.1395173,20.40136909,2.660748535,60.898,68.37532806,846627,..,11948454,Africa
Burundi,9.3,39.646,570,0.052646114,188.6825292,7.51763725,0.500009999,214.1395173,20.40136909,2.660748535,60.898,68.37532806,846627,..,11948454,Asia
Cabo Verde,91.32674408,19.919,590,1.097676461,107.9353643,5.36013222,3.702039188,3619.607554,16.41258049,57.16214635,72.57,..,..,12.24,557026,Africa
Cambodia,89.07,22.889,11370,0.710207176,124.5715414,5.928473,6.8414315,1135.844407,..,32.90027854,69.289,..,1892615,0.14,16758448,Asia
Cameroon,60.99382401,35.9,8320,0.338678511,114.5771444,3.4925251,3.549087318,1481.730482,15.91162014,23.20297197,58.511,..,3458972,..,26655083,Africa
Canada,100,10.3,562260,15.38529105,111.9848311,10.78964806,3.039880225,51225.67348,..,92.70137191,81.9,..,6009852,6.34,37799407,North America
Canada,100,10.3,562260,15.38529105,111.9848311,10.78964806,3.039880225,51225.67348,..,92.70137191,81.9,..,6009852,6.34,37799407,North America
Cayman Islands,100,9.9,..,..,..,..,3.184043376,76499.99762,..,81.06769325,..,..,..,..,65854,..
Central African Republic,14.16905403,35.66,310,0.067449619,145.4704699,6.66541529,4.527278213,371.1092243,..,..,52.24,..,832920,..,4843954,Africa
Central African Republic,14.16905403,35.66,310,0.067449619,145.4704699,6.66541529,4.527278213,371.1092243,..,..,52.24,..,832920,..,4843954,Africa
Central African Republic,14.16905403,35.66,310,0.067449619,145.4704699,6.66541529,4.527278213,371.1092243,..,..,52.24,..,832920,..,4843954,North America
Chad,10.9,42.683,1020,0.067924102,113.9811251,4.40445328,-2.988695986,817.5347904,16.3627491,6.49999812,53.712,..,1275726,..,16502877,Africa
Channel Islands,100,9.939,..,..,..,..,..,..,..,..,82.766,..,..,..,174140,..
Chile,99.7,12.711,87040,4.712395783,125.5665448,9.06820488,1.184544707,14740.60891,21.31155014,82.32748693,79.909,96.40228271,6627552,6.96,19144605,South America
China,100,12.43,10017770,7.225768991,119.0880504,5.15119171,6.947200793,7346.836564,..,54.3,76.47,..,24862075,3.9,1440297825,Asia
Colombia,98.5,15.098,76060,1.555106166,131.8772691,7.67864275,1.359360868,7620.916172,16.14031982,62.25988032,76.925,..,10277518,8.87,50976248,South America
Comoros,79.20166016,32.365,250,0.307166816,..,4.64801407,3.815702113,1386.925789,..,8.478170295,63.912,..,..,..,872695,Africa
Congo (Kinshasa),46.12187958,33.378,3220,0.630050555,120.6571176,2.93953753,-4.373500998,2520.432893,15.68220043,8.65,63.954,..,2135075,..,..,Africa
Congo (Kinshasa),18.0063858,41.732,2280,0.028010253,..,4.15728664,3.726947653,408.9247884,14.00642014,8.619904916,60.026,..,12624344,..,..,Africa
Costa Rica,99.6,14.246,8180,1.652540276,123.45837,7.32879639,4.157698963,9946.126613,30.15142059,71.58166462,79.914,..,1337237,8.14,5102158,North America
Cote d'Ivoire,65.6,35.993,10380,0.424757468,112.4519787,4.45303488,7.359638088,1600.764863,20.68033028,43.83992085,57.017,..,4787992,3.27,..,..
Country,electricity,mortality,emissions,emissionsCapita,CPI,Current health expenditure (% of GDP),GDPGrowth,GDP,EducationSpending,Internet,"Life expectancy at birth, total (years)",Literacy,popLargeCity,Unemployment,..,..
Croatia,100,8.9,17480,4.238057612,107.3639943,6.77827311,3.439217352,15396.80108,8.661589622,67.09619204,77.82682927,..,685942,11.21,4100719,Europe
Curacao,100,9.7,..,..,109.7456083,..,-1.73976542,..,..,68.12721625,78.01707317,..,..,..,..,..
Cyprus,100,10.668,7300,6.188092584,100.8078868,6.73828936,5.154777146,30758.31231,15.87238979,80.74318897,80.672,..,..,11.05,1208886,Europe
Czech Republic,100,10.8,103420,9.761725917,110.8672281,7.23133898,5.168724304,23144.40872,9.89634037,78.71917285,78.97804878,..,1284162,2.89,..,North America
Czech Republic,100,10.8,103420,9.761725917,110.8672281,7.23133898,5.168724304,23144.40872,9.89634037,78.71917285,78.97804878,..,1284162,2.89,..,Africa
Denmark,100,10.6,33330,5.78145978,108.6331578,10.03963375,2.821736341,63215.99807,15.25761986,97.09936216,81.10243902,..,1303974,5.83,5795780,Europe
Djibouti,60.2,21.944,470,0.49782862,116.2157532,2.46476316,5.403099843,..,13.25469971,55.68140925,65.893,..,551358,26.06,990447,Africa
Dominica,100,9.6,170,2.378953261,102.8522234,5.44028521,-6.79942797,6561.223769,..,69.61966879,..,..,..,..,72017,North America
Dominica,100,9.6,170,2.378953261,102.8522234,5.44028521,-6.79942797,6561.223769,..,69.61966879,..,..,..,..,72017,North America
Dominican Republic,100,19.799,23390,2.224840963,125.3535344,5.83058691,4.666704677,7273.367601,..,67.57124533,73.689,..,3094465,5.83,10866667,North America
Dominican Republic,100,19.799,23390,2.224840963,125.3535344,5.83058691,4.666704677,7273.367601,..,67.57124533,73.689,..,3094465,5.83,10866667,North America
Dominican Republic,100,19.799,23390,2.224840963,125.3535344,5.83058691,4.666704677,7273.367601,..,67.57124533,73.689,..,3094465,5.83,10866667,Africa
Ecuador,99.2,19.968,37760,2.249579931,124.0914087,8.25742912,2.368386526,5205.764571,..,..,76.584,92.82978821,2844281,3.84,17688599,South America
Egypt,100,27.05,238690,2.474943902,231.0941154,5.63305616,4.181221,2818.547458,..,44.95020425,71.656,71.16825104,19648312,11.74,102659126,Africa
El Salvador,96.8,18.429,6380,0.998728265,109.9458609,7.22756004,2.252358774,3441.307945,15.5920496,33.8207289,72.872,88.48271179,1104147,4.39,6491923,North America
Equatorial Guinea,66.28614044,33.725,5630,4.461144462,121.1893713,3.01081419,-5.667502957,11225.31113,..,..,58.061,..,353480,..,1410419,Africa
Equatorial Guinea,66.28614044,33.725,5630,4.461144462,121.1893713,3.01081419,-5.667502957,11225.31113,..,..,58.061,..,353480,..,1410419,Africa
Equatorial Guinea,66.28614044,33.725,5630,4.461144462,121.1893713,3.01081419,-5.667502957,11225.31113,..,..,58.061,..,353480,..,1410419,Africa
Eritrea,47.9732132,30.898,720,0.210964653,..,3.76475835,..,..,..,1.30890698,65.538,..,863863,..,3554797,Africa
Estonia,100,10.5,16280,12.35782429,115.4553248,6.59183788,5.49915471,19153.38812,12.75030041,88.10245687,78.09268293,..,429990,5.76,1326693,Europe
Eswatini,73.5,26.773,1040,0.924602243,155.1280446,6.91085625,2.026570236,4698.722138,..,..,58.319,..,..,..,1162233,Africa
Ethiopia,44.3,32.775,15460,0.145300853,241.9344152,3.50331593,9.564189643,548.4199856,..,18.61805145,65.872,51.7711792,4215965,..,115434444,Africa
Faroe Islands,100,13.1,..,..,..,..,..,..,..,97.58195894,82.29512195,..,..,..,..,..
Fiji,96,21.56,1810,2.062772092,124.8947972,3.18689561,5.353631074,4650.296431,..,49.96637301,67.252,99.08210754,..,..,897573,Oceania
Finland,100,9.1,43010,7.808338601,110.0007799,9.14156628,3.19240963,48177.07796,11.86886024,87.46892907,81.63170732,..,1259875,8.64,5542237,Europe
France,100,11.5,316360,4.727575622,106.864453,11.39050198,2.291419994,42980.72996,9.678580284,80.50245972,82.57560976,..,10844847,9.41,65298930,Europe
French Polynesia,100,14.946,..,..,..,..,..,..,..,72.70389531,77.251,..,..,..,281191,Europe
Gabon,86.27,32.161,4700,2.276236287,114.2524472,2.78074527,0.472642031,9212.368804,..,50.32012015,65.839,..,790784,..,2234448,Africa
Gambia,56.2,38.967,540,0.243913456,151.3842623,3.34084225,4.822611249,760.1226456,..,32,61.44,..,431446,..,2427782,Africa
Gambia,56.2,38.967,540,0.243913456,151.3842623,3.34084225,4.822611249,760.1226456,..,32,61.44,..,431446,..,2427782,Africa
Gambia,56.2,38.967,540,0.243913456,151.3842623,3.34084225,4.822611249,760.1226456,..,32,61.44,..,431446,..,2427782,Africa
Georgia,100,13.718,9630,2.583151735,124.1808583,7.05804443,4.842603225,4512.761095,12.9533596,59.7055046,73.414,99.36425781,1077597,13.94,3987805,Europe
Germany,100,9.5,732200,8.858293699,109.3524635,11.32229614,2.601976005,46862.04197,11.0426302,84.3941537,80.99268293,..,3539234,3.75,83830972,Europe
Ghana,79,29.839,14780,0.507529429,230.8667718,3.32977843,8.128894916,1736.311594,20.09763908,37.88415262,63.463,..,2907222,4.22,31181428,Africa
Gibraltar,100,..,..,..,..,..,..,..,..,..,..,..,..,..,33689,..
Greece,100,8.2,66800,6.211250006,101.0598733,7.96522522,1.280824834,22651.01238,..,69.89297065,81.28780488,..,3157451,21.49,10413936,Europe
Greenland,100,15.2,..,..,..,..,0.468546638,47647.64989,..,69.48246178,70.62243902,..,..,..,56787,Europe
Grenada,94.09955597,16.701,290,2.615581651,106.5693351,4.59776449,4.442740288,8775.898644,14.04117012,59.07173536,72.388,..,..,..,112614,North America
Guam,100,16.71,..,..,..,..,0.890099909,32482.12562,..,80.50546556,79.631,..,..,..,169031,..
Guatemala,93.3,24.912,16510,1.026267857,132.8381008,5.81384373,3.079851491,3236.035032,23.08805084,40.70304908,73.81,..,2813016,2.46,17971382,North America
Guinea,35.4,36.765,2970,0.246115273,218.7104878,4.27482462,10.30000049,869.0354417,13.37679005,11.40002077,60.706,..,1798985,..,13191279,Africa
Guinea,35.4,36.765,2970,0.246115273,218.7104878,4.27482462,10.30000049,869.0354417,13.37679005,11.40002077,60.706,..,1798985,..,13191279,Africa
Guinea,35.4,36.765,2970,0.246115273,218.7104878,4.27482462,10.30000049,869.0354417,13.37679005,11.40002077,60.706,..,1798985,..,13191279,Africa
Guinea-Bissau,26,35.697,300,0.164100679,112.0136578,6.84708118,5.919176626,615.0388506,..,18,57.673,..,537014,..,1975718,Africa
Guinea-Bissau,26,35.697,300,0.164100679,112.0136578,6.84708118,5.919176626,615.0388506,..,18,57.673,..,537014,..,1975718,Africa
Guinea-Bissau,26,35.697,300,0.164100679,112.0136578,6.84708118,5.919176626,615.0388506,..,18,57.673,..,537014,..,1975718,Africa
Guyana,90.33874512,20.202,2320,2.992706568,112.3742898,5.65979004,3.734494656,5617.841962,17.63573074,37.32583679,69.624,..,..,..,787215,South America
Guyana,90.33874512,20.202,2320,2.992706568,112.3742898,5.65979004,3.734494656,5617.841962,17.63573074,37.32583679,69.624,..,..,..,787215,Africa
Haiti,43.34903336,24.75,3370,0.306855526,159.3962004,8.08468342,2.286127252,1277.374288,15.36769962,31,63.29,..,2568981,..,11426356,North America
Honduras,86.5,21.859,9000,0.954500448,138.0534322,7.00069904,4.842913911,2176.294473,..,32.13636364,74.898,..,1318213,5.53,9931333,North America
Hong Kong ,100,7.7,..,..,127.7681573,..,3.791005986,37929.44403,17.84127998,89.41594465,84.6804878,..,7364883,3.13,..,..
Hungary,100,9.7,46550,4.755839977,114.4500172,6.79227543,4.316780987,15912.01463,10.06933975,76.75054712,75.81707317,..,1754955,4.16,9655983,Europe
Iceland,100,11.9,2170,6.319161328,121.9569607,8.3432579,4.194948829,50690.39265,17.69028091,98.25520119,82.66097561,..,..,2.74,341628,Europe
Iceland,100,11.9,2170,6.319161328,121.9569607,8.3432579,4.194948829,50690.39265,17.69028091,98.25520119,82.66097561,..,..,2.74,341628,Europe
India,92.45683289,18.083,2301440,1.7191902,160.3468515,3.53500652,6.795383419,1981.995576,..,18.2,69.165,..,27602257,..,1382345085,Asia
Indonesia,98.14,18.422,532920,2.01367107,142.1824123,2.86824059,5.069785901,4120.442738,..,32.33580625,71.282,..,10401144,3.88,274021604,Asia
Iran,99.94,19.011,620780,7.694930979,333.6733224,8.65966415,3.755196452,6948.710351,20.04203033,64.04397362,76.271,..,8780950,12.23,84176929,Asia
Iran,99.94,19.011,620780,7.694930979,333.6733224,8.65966415,3.755196452,6948.710351,20.04203033,64.04397362,76.271,..,8780950,12.23,84176929,Asia
Iraq,99.83660889,29.693,174290,4.641199885,119.4183812,4.12501717,-1.753660845,5706.280394,..,49.35999889,70.294,85.59999847,6654984,13.02,40372771,Asia
Iraq,99.83660889,29.693,174290,4.641199885,119.4183812,4.12501717,-1.753660845,5706.280394,..,49.35999889,70.294,85.59999847,6654984,13.02,40372771,Asia
Ireland,100,12.9,37530,7.806734135,105.079586,7.15484905,9.129439947,71296.08734,13.46893978,84.11400706,82.15609756,..,1188418,6.71,4947267,Europe
Ireland,100,12.9,37530,7.806734135,105.079586,7.15484905,9.129439947,71296.08734,13.46893978,84.11400706,82.15609756,..,1188418,6.71,4947267,Europe
Isle of Man,100,..,..,..,..,..,2.837739696,92984.69964,..,..,..,..,..,..,85112,Asia
Isle of Man,100,..,..,..,..,..,2.837739696,92984.69964,..,..,..,..,..,..,85112,Europe
Israel,100,21.1,66040,7.579217977,106.401291,7.49766827,3.555612725,34251.95447,15.71827984,81.58118359,82.55121951,..,3905583,4.22,8678517,Asia
Italy,100,7.6,329190,5.437857549,108.7149018,8.6777401,1.667859041,35086.4783,8.313960075,63.077347,82.94634146,..,4177286,11.21,60446035,Europe
Jamaica,97.62187195,16.286,7190,2.461613887,150.7515234,6.14377928,0.997123062,4785.978786,18.40254021,55.07206705,74.267,..,588487,11.63,2963429,North America
Japan,100,7.6,1151930,9.085639143,103.962704,10.79634285,2.168290737,48510.60941,8.378879547,91.72654724,84.0997561,..,37397437,2.8,126407422,Asia
Jordan,100,22.622,26100,2.667119021,119.3298693,8.11925125,2.087114551,3303.416034,11.18813038,66.79031443,74.292,..,1966088,18.14,10220604,Asia
Kazakhstan,100,21.64,225560,12.50486756,168.9512996,3.12588406,4.1,10867.73874,11.41991043,76.42674823,72.95,..,1772779,4.9,18815231,Asia
Kenya,56.09143066,29.296,18890,0.376136379,172.4282386,4.8369956,4.805696525,1156.432827,17.70870018,17.82710021,65.909,..,4222389,..,53968739,Africa
Kiribati,98.6,28.294,80,0.70081382,101.8167556,10.77510738,0.89150817,1763.307233,..,14.58181818,67.851,..,..,..,119760,..
"Korea, Rep.",100,7,625350,12.17536474,113.0508001,7.10694933,3.15963574,27492.57625,..,95.06942188,82.62682927,..,9941235,3.65,..,Asia
"Korea,South",44.83608627,13.91,22380,0.880069286,..,..,..,..,..,..,71.91,..,3015132,..,..,Asia
"Korea,South",44.83608627,13.91,22380,0.880069286,..,..,..,..,..,..,71.91,..,3015132,..,..,Africa
"Korea,South",44.83608627,13.91,22380,0.880069286,..,..,..,..,..,..,71.91,..,3015132,..,..,Africa
Kosovo,99.8,16.2,..,..,113.789451,..,4.226086496,4133.857706,..,83.89359681,71.99512195,..,..,30.34,..,Europe
Kuwait,100,14.651,89720,22.11975932,124.5576318,5.29526615,-4.712106209,33359.40311,..,97.99998933,75.311,96.03594971,2841715,..,4281320,Asia
Kyrgyz Republic,100,24.8,9340,1.506889097,151.5925936,6.18586302,4.739937225,1072.493694,15.7302599,38.19903776,71.2,..,975889,6.89,..,North America
Kyrgyz Republic,100,24.8,9340,1.506889097,151.5925936,6.18586302,4.739937225,1072.493694,15.7302599,38.19903776,71.2,..,975889,6.89,..,Africa
Lao PDR,93.6,23.955,18510,2.662148349,128.8680783,2.52514863,6.892530873,1706.794215,..,25.51043508,67.277,..,657108,9.41,..,Asia
Lao PDR,93.6,23.955,18510,2.662148349,128.8680783,2.52514863,6.892530873,1706.794215,..,25.51043508,67.277,..,657108,9.41,..,Africa
Latvia,100,10.7,7120,3.665855236,110.8520017,6.00696659,3.25072029,15507.64997,11.96763039,80.114077,74.62926829,..,639982,8.72,1882408,Europe
Lebanon,100,17.67,29280,4.293649871,118.9993072,8.44765568,0.850699559,6363.882328,..,78.18077489,78.833,..,2331897,..,6819976,Asia
Lesotho,33.7,27.17,2440,1.166608974,141.4509021,8.94750309,-3.141949946,1273.299635,15.11530972,39,52.947,..,..,..,2145194,Africa
Liberia,24.2,33.426,1260,0.267958311,180.579023,8.15604591,2.468626095,548.0110045,8.258210182,16.3,63.295,48.30136108,1366976,..,5077411,Africa
Liberia,24.2,33.426,1260,0.267958311,180.579023,8.15604591,2.468626095,548.0110045,8.258210182,16.3,63.295,48.30136108,1366976,..,5077411,Africa
Libya,70.33727264,19.38,56810,8.632790044,..,..,26.68090263,7085.813226,..,21.75892062,72.52,..,1149730,..,6887247,Africa
Liechtenstein,100,8.9,160,4.232244412,..,..,..,..,..,99.54661245,83.74634146,..,..,..,38147,Europe
Lithuania,100,10.1,11220,3.966902878,112.6424898,6.47619867,4.282596951,16903.67817,11.82433987,77.61525651,75.4804878,..,534453,7.07,2715340,Europe
Luxembourg,100,10.4,9000,15.09216281,111.4132314,5.25779152,1.801180955,109452.96,8.534049988,97.36296032,82.09512195,..,..,5.52,627704,Europe
"Macao SAR, China",100,11.2,..,..,136.0990911,..,9.982505239,56071.75173,13.47624969,83.17408907,83.989,..,622567,1.99,..,Asia
"Macao SAR, China",100,11.2,..,..,136.0990911,..,9.982505239,56071.75173,13.47624969,83.17408907,83.989,..,622567,1.99,..,Europe
Madagascar,24.1,32.897,3500,0.13687642,160.7110191,5.5050993,3.933316171,481.3836938,..,..,66.311,..,2903952,..,27808395,Africa
Malawi,12.7,34.593,1500,0.084888716,340.2421245,9.64243031,4.000030517,512.6475561,14.34010983,13.78216439,63.279,..,986455,5.76,19211425,Africa
Malawi,12.7,34.593,1500,0.084888716,340.2421245,9.64243031,4.000030517,512.6475561,14.34010983,13.78216439,63.279,..,986455,5.76,19211425,Africa
Malaysia,100,16.867,222890,7.165808462,119.6050658,3.71246052,5.81272241,11736.98928,21.67765045,80.14047901,75.828,95.08264923,7318545,3.41,32436963,Asia
Maldives,99.8,14.891,1820,3.666412838,136.4453368,9.02997589,7.210479788,7837.44978,..,63.18566588,78.325,..,..,..,542151,Asia
Mali,34.78,42.078,5050,0.272789703,110.2292627,4.10388279,5.305456084,766.1409098,16.53433037,15.6,58.452,..,2368347,7.41,20346106,Africa
Malta,100,9.2,1520,3.247870188,110.3420468,9.19666958,8.119425289,28283.03491,13.46864986,81.01191108,82.34634146,..,..,4,441750,Europe
Marshall Islands,94.21553802,..,180,3.100614955,..,16.40007591,3.382740806,2933.999057,..,38.70116262,..,..,..,..,59259,..
Mauritania,42.9,34.132,3800,0.887315176,128.0781676,4.50495195,3.497175006,1715.607547,..,20.80096366,64.464,53.49758911,1154050,10.34,4669775,Africa
Mauritius,99.61,10.7,4180,3.305359031,125.3575934,5.71669579,3.814152115,10199.47936,19.9340992,55.4032403,74.51463415,..,..,6.75,1272140,Africa
Mexico,100,17.918,471810,3.781215828,130.1978025,5.51889515,2.113129135,10277.88335,17.57673073,63.85224909,74.947,94.97277832,21500251,3.42,129166028,North America
"Micronesia, Fed. Sts.",78.58091736,22.937,170,1.525197154,112.282554,12.31883812,2.682185944,2751.66302,..,35.30405287,67.618,..,..,..,..,Asia
Moldova,99.98,10.274,8160,2.961717622,153.8424955,7.01328516,4.69079339,3321.62208,18.33230019,76.12451989,71.717,..,515129,4.1,4032294,Europe
Monaco,100,..,..,..,..,1.64266789,-3.40000081,186185.1052,6.980629921,97.05297684,..,..,..,..,39290,Europe
Mongolia,93.87606049,24.833,19470,6.252834169,170.8005885,4.00506115,5.337037933,3997.474319,12.64562035,23.71426517,69.509,..,1466589,6.36,3287242,Asia
Montenegro,100,11.775,2230,3.583060319,113.3600412,..,4.716438739,7852.646157,..,71.27233254,76.667,..,..,16.07,628080,Europe
Morocco,100,19.399,65930,1.852941845,108.7695027,5.23623848,4.248949211,3305.869524,..,61.76221201,76.218,..,3653152,..,36985624,Africa
Mozambique,24.3,37.876,6020,0.210129447,170.7047775,8.14048672,3.741317593,589.7190745,18.33186913,7.8,59.309,60.65542984,1604256,..,31398811,Africa
Myanmar,69.8148366,17.703,31400,0.588207515,144.6062642,5.09039927,6.404977325,1541.84705,10.09710026,23.62108195,66.558,..,5053341,1.56,54473253,..
Namibia,52.5,29.105,4330,1.802197016,146.0320916,8.28922272,-1.027250823,6076.160969,..,36.83740647,63.021,..,391736,..,2548663,Africa
Namibia,52.5,29.105,4330,1.802197016,146.0320916,8.28922272,-1.027250823,6076.160969,..,36.83740647,63.021,..,391736,..,2548663,Africa
Namibia,52.5,29.105,4330,1.802197016,146.0320916,8.28922272,-1.027250823,6076.160969,..,36.83740647,63.021,..,391736,..,2548663,Africa
Nauru,99.88204956,..,70,6.618133686,..,11.58332348,-5.747126437,9218.801815,..,62.38512451,..,..,..,..,10836,..
Nepal,89.92308044,20.196,11030,0.399165018,171.7976016,5.48825455,8.977279356,781.2442965,17.09638977,21.40351043,70.169,..,1277463,11.36,29225196,Asia
Netherlands,100,9.9,155910,9.100887639,111.0420628,10.05979824,2.910902513,53942.08506,12.19252968,93.19727891,81.76097561,..,1123080,4.84,17141544,Europe
New Caledonia,100,14.5,..,..,..,..,..,..,..,82.0058408,77.53902439,..,..,..,285972,Oceania
New Caledonia,100,14.5,..,..,..,..,..,..,..,82.0058408,77.53902439,..,..,..,285972,Europe
New Caledonia,100,14.5,..,..,..,..,..,..,..,82.0058408,77.53902439,..,..,..,285972,Oceania
New Zealand,100,12.38,32920,6.838956291,110.6515787,9.01967621,3.613281553,37815.75143,16.65535927,90.81109307,81.65853659,..,1525666,4.739999771,4829021,Oceania
New Zealand,100,12.38,32920,6.838956291,110.6515787,9.01967621,3.613281553,37815.75143,16.65535927,90.81109307,81.65853659,..,1525666,4.739999771,4829021,Oceania
Nicaragua,86.06150055,21.06,5400,0.845752981,147.1564659,8.31693268,4.631383681,1957.873253,..,27.86304001,74.068,..,1040748,3.3,6638075,North America
Niger,17.90511894,46.54,2070,0.09582274,108.8838789,7.66223145,4.999097165,535.1769166,13.21516037,10.22431156,61.599,..,1177828,7.77,24346468,Africa
Nigeria,54.4,38.384,112920,0.591596789,214.2321193,3.75553846,0.80588662,2399.732051,..,28,53.95,..,13042316,8.39,206984347,Africa
Nigeria,54.4,38.384,112920,0.591596789,214.2321193,3.75553846,0.80588662,2399.732051,..,28,53.95,..,13042316,8.39,206984347,Africa
Nigeria,54.4,38.384,112920,0.591596789,214.2321193,3.75553846,0.80588662,2399.732051,..,28,53.95,..,13042316,8.39,206984347,Africa
Nigeria,54.4,38.384,112920,0.591596789,214.2321193,3.75553846,0.80588662,2399.732051,..,28,53.95,..,13042316,8.39,206984347,Africa
North Macedonia,100,10.953,7860,3.775223391,110.9158333,6.5939827,1.081772738,5303.712927,..,74.51682418,75.589,..,575931,22.38,2083359,Europe
Northern Mariana Islands,100,..,..,..,..,..,23.17073171,23217.15913,..,..,..,..,..,..,57619,Europe
Norway,100,10.7,36900,6.992651841,114.5507194,10.31589031,2.323258407,91549.03787,16.01365089,96.3576013,82.6097561,..,997451,4.16,5428594,Europe
Oman,100,19.786,69900,14.98094912,112.3871221,3.97352886,0.346322041,16067.10371,..,80.18563573,77.393,95.5759964,1377500,..,5128058,Asia
Pakistan,70.79,28.599,197700,0.950909547,156.9113459,2.90229368,5.554277437,1155.310441,14.54477978,13.78,66.947,59.13204956,15020931,..,221612785,Asia
Palau,100,12.4,270,15.16087372,118.1686747,12.12845135,-1.916360453,12257.02765,..,..,..,..,..,..,18109,..
Panama,93.7,19.263,10250,2.495882403,121.577794,6.89914465,5.591148876,11529.23293,..,59.9506309,78.149,..,1745913,3.9,4326296,North America
Panama,93.7,19.263,10250,2.495882403,121.577794,6.89914465,5.591148876,11529.23293,..,59.9506309,78.149,..,1745913,3.9,4326296,North America
Papua New Guinea,54.4,27.364,7700,0.912534407,143.7313837,2.27085471,3.534610818,2452.324164,10.69820023,11.20919659,64.01,..,359441,..,8975531,Oceania
Papua New Guinea,54.4,27.364,7700,0.912534407,143.7313837,2.27085471,3.534610818,2452.324164,10.69820023,11.20919659,64.01,..,359441,..,8975531,Oceania
Paraguay,99.3,20.787,8000,1.164982151,134.6105574,6.65456867,4.810078856,5269.720155,..,61.07575622,73.992,..,3134940,4.61,7147553,South America
Peru,94.8,18.134,53990,1.717004408,125.4163418,4.99378443,2.518835442,6314.291036,18.23591995,50.45041218,76.286,94.14961243,10194477,3.69,33050211,South America
Philippines,93,21.036,136590,1.298718327,120.2113525,4.4460597,6.930988326,3042.694287,..,..,70.952,..,13271721,2.55,109830324,Asia
Poland,100,10.6,312820,8.237562431,109.6376705,6.56172848,4.83065457,15802.70479,11.05910969,75.98536595,77.75365854,..,1758551,4.89,37839255,Europe
Portugal,100,8.4,53330,5.177519101,109.1667051,9.33004951,3.506345285,23380.69282,11.05803967,73.79121395,81.42439024,..,2912590,8.87,10191409,Europe
Puerto Rico,100,7.3,..,..,..,..,-2.885954759,27561.05306,..,68.74077314,79.63453659,92.38999939,2457302,10.8,2846860,North America
Qatar,100,9.698,87680,32.17937063,115.8588034,2.72160077,-1.49760469,64472.7763,8.560850143,97.38884917,79.981,93.46396637,659067,0.14,2889284,Asia
Romania,100,10.8,74100,3.782790244,113.9463616,5.1508317,7.319448529,10980.84149,10.05265045,63.74728218,75.3097561,..,1830515,4.93,19214608,Europe
Romania,100,10.8,74100,3.782790244,113.9463616,5.1508317,7.319448529,10980.84149,10.05265045,63.74728218,75.3097561,..,1830515,4.93,19214608,Africa
Russia,100,11.2,1557190,10.77664459,168.1752389,5.34388065,1.825790064,11550.5252,13.46508026,76.00813853,72.45146341,..,12288465,5.21,145945524,Europe
Rwanda,34.1,32.062,1050,0.087639054,146.6292873,6.93017101,3.976289694,799.0885654,11.07960987,21.76763262,68.341,..,1021081,17.36,13005303,Africa
Rwanda,34.1,32.062,1050,0.087639054,146.6292873,6.93017101,3.976289694,799.0885654,11.07960987,21.76763262,68.341,..,1021081,17.36,13005303,Africa
Samoa,96.8,24.689,300,1.535642257,111.7224715,5.50720882,1.044879689,3848.183165,..,33.61093932,73.046,..,..,14.47,198643,..
San Marino,100,6.7,..,..,110.6315956,7.24210215,0.258265466,49238.08445,13.10361004,60.18230126,..,..,..,..,33944,Europe
San Marino,100,6.7,..,..,110.6315956,7.24210215,0.258265466,49238.08445,13.10361004,60.18230126,..,..,..,..,33944,Africa
Sao Tome and Principe,74.27,31.967,130,0.627758516,171.6063318,6.46091604,3.848980918,1283.627557,18.39999962,29.9312292,69.933,..,..,..,..,Africa
Sao Tome and Principe,74.27,31.967,130,0.627758516,171.6063318,6.46091604,3.848980918,1283.627557,18.39999962,29.9312292,69.933,..,..,..,..,Europe
Saudi Arabia,99.93,18.319,540700,16.33476362,118.0299772,7.00368643,-0.741502653,20692.67147,..,94.17559961,74.874,95.32862854,6669098,5.89,34905942,Asia
Saudi Arabia,99.93,18.319,540700,16.33476362,118.0299772,7.00368643,-0.741502653,20692.67147,..,94.17559961,74.874,95.32862854,6669098,5.89,34905942,Asia
Senegal,61.7,35.12,9570,0.620648569,106.8705601,4.06742668,7.407486186,1456.51531,21.04521942,29.64312367,67.38,51.90042114,2903112,3.690000057,16816539,Africa
Serbia,100,9.2,46900,6.680095225,138.6654534,8.23131752,2.101163847,6565.463903,9.25646019,70.33083553,75.53902439,..,1382669,13.48,8731081,Europe
Serbia,100,9.2,46900,6.680095225,138.6654534,8.23131752,2.101163847,6565.463903,9.25646019,70.33083553,75.53902439,..,1382669,13.48,8731081,Asia
Seychelles,100,17.2,590,6.155900796,123.0945572,4.98940706,4.821336987,14088.5773,..,58.76981124,74.3,..,..,3.71,98453,Africa
Sierra Leone,23.4,33.939,970,0.129533212,175.7826968,16.6201725,4.211182649,466.9453188,19.89410019,13.23693043,53.895,..,1104136,..,8004158,Africa
Singapore,100,8.9,47430,8.451151436,113.2659229,4.4177866,4.520379476,57527.56189,..,84.45226789,83.09512195,97.2022171,5708844,4.2,5858322,Asia
Sint Maarten (Dutch part),100,9,..,..,116.6435463,..,-5.8,..,..,..,..,..,..,..,..,..
Slovak Republic,100,10.7,33580,6.173665694,109.5903321,6.76883841,2.989520318,19821.84347,9.761619568,81.62566752,77.16585366,..,427245,8.13,..,Europe
Slovak Republic,100,10.7,33580,6.173665694,109.5903321,6.76883841,2.989520318,19821.84347,9.761619568,81.62566752,77.16585366,..,427245,8.13,..,North America
Slovak Republic,100,10.7,33580,6.173665694,109.5903321,6.76883841,2.989520318,19821.84347,9.761619568,81.62566752,77.16585366,..,427245,8.13,..,Africa
Slovenia,100,9.8,14140,6.842858166,107.4021101,8.18941784,4.79354876,25729.5753,12.02299976,78.88542636,81.02926829,..,..,6.56,2078989,Europe
Slovenia,100,9.8,14140,6.842858166,107.4021101,8.18941784,4.79354876,25729.5753,12.02299976,78.88542636,81.02926829,..,..,6.56,2078989,Europe
Solomon Islands,62.9,32.877,350,0.550288508,126.5414528,4.74138927,5.343587695,1751.536243,..,11.92422906,72.645,..,..,..,689671,..
Somalia,32.5946312,41.919,660,0.045239052,..,..,1.391181325,..,..,2.004048698,56.709,..,1976828,..,15965848,Africa
Somalia,32.5946312,41.919,660,0.045239052,..,..,1.391181325,..,..,2.004048698,56.709,..,1976828,..,15965848,Europe
South Africa,84.4,20.908,435140,7.632729355,146.0537215,8.11311913,1.414512626,7475.166701,18.71529961,56.16739447,63.538,87.04666901,5313563,27.04,59436725,Africa
South Africa,84.4,20.908,435140,7.632729355,146.0537215,8.11311913,1.414512626,7475.166701,18.71529961,56.16739447,63.538,87.04666901,5313563,27.04,59436725,North America
South Africa,84.4,20.908,435140,7.632729355,146.0537215,8.11311913,1.414512626,7475.166701,18.71529961,56.16739447,63.538,87.04666901,5313563,27.04,59436725,Africa
South Africa,84.4,20.908,435140,7.632729355,146.0537215,8.11311913,1.414512626,7475.166701,18.71529961,56.16739447,63.538,87.04666901,5313563,27.04,59436725,Asia
South Africa,84.4,20.908,435140,7.632729355,146.0537215,8.11311913,1.414512626,7475.166701,18.71529961,56.16739447,63.538,87.04666901,5313563,27.04,59436725,Africa
South Sudan,4.2,35.37,1520,0.13931184,4583.705462,8.37437344,..,..,1.073699951,7.977428907,57.365,..,352229,..,11216250,Africa
South Sudan,4.2,35.37,1520,0.13931184,4583.705462,8.37437344,..,..,1.073699951,7.977428907,57.365,..,352229,..,11216250,Africa
South Sudan,4.2,35.37,1520,0.13931184,4583.705462,8.37437344,..,..,1.073699951,7.977428907,57.365,..,352229,..,11216250,Asia
South Sudan,4.2,35.37,1520,0.13931184,4583.705462,8.37437344,..,..,1.073699951,7.977428907,57.365,..,352229,..,11216250,Africa
Spain,100,8.4,263440,5.654039569,108.3753351,8.94249249,2.973641191,32308.59201,10.22509003,84.6022457,83.28292683,..,6403902,17.22,46757980,Europe
Sri Lanka,97.5,16.106,23310,1.087017348,147.0878582,3.80975389,3.578169679,3860.150308,14.49975967,21.3,76.648,91.89575195,593517,4.05,21428970,Asia
St. Kitts and Nevis,100,..,240,4.61219156,105.661275,5.69199848,-1.977829212,16589.38411,..,80.71019081,..,..,..,..,..,North America
St. Lucia,98.29696655,12.143,370,2.044707248,108.0377983,4.7146244,3.48884866,9046.274228,..,50.81524478,75.907,..,..,18.86,..,North America
St. Martin (French part),100,15,..,..,..,..,..,..,..,..,79.62195122,..,..,..,..,Europe
St. Vincent and the Grenadines,99.97125244,14.403,270,2.458434251,107.1747766,4.3064785,1.000357879,6730.960309,18.94894981,65.56,72.3,..,..,..,..,North America
Sudan,50.65546417,32.542,20340,0.498365757,545.174403,6.30497503,4.674112518,2086.971946,..,..,64.881,..,5395378,..,44019263,Africa
Sudan,50.65546417,32.542,20340,0.498365757,545.174403,6.30497503,4.674112518,2086.971946,..,..,64.881,..,5395378,..,44019263,Africa
Suriname,96.72870636,18.791,2130,3.733560502,263.9672515,6.22976971,1.567191065,8011.936699,..,48.94517397,71.463,..,..,..,587541,South America
Sweden,100,11.5,38330,3.811011227,106.4917747,10.78592205,2.567924525,57467.24997,15.79839993,93.00626697,82.4097561,..,1553180,6.72,10110233,Europe
Switzerland,100,10.3,38620,4.569419203,98.2668532,11.89515591,1.584819616,80964.60057,15.5774498,89.68614767,83.55121951,..,1356037,4.8,8665615,Europe
Syrian Arab Republic,89.56895447,24.115,29100,1.702185507,..,..,..,..,..,34.25340193,70.967,..,2286820,..,..,Asia
Syrian Arab Republic,89.56895447,24.115,29100,1.702185507,..,..,..,..,..,34.25340193,70.967,..,2286820,..,..,North America
Tajikistan,99.3,31.364,6370,0.717320532,..,7.2288146,7.100001403,1020.176108,..,21.96,70.647,..,852071,..,9573310,Asia
Tajikistan,99.3,31.364,6370,0.717320532,..,7.2288146,7.100001403,1020.176108,..,21.96,70.647,..,852071,..,9573310,Asia
Tanzania,32.41840363,37.075,11360,0.207828911,175.0378356,3.63913774,6.785680114,937.362559,24.39653969,15.99999943,64.479,..,5719486,..,60012400,Africa
Thailand,99.9,10.513,260660,3.766228713,111.2868092,3.83202839,4.177681032,6142.409493,..,52.89192934,76.683,..,9898653,0.83,69830779,Asia
Timor-Leste,83.23754883,29.453,600,0.482602191,141.5838971,4.33655405,-4.103609745,865.7040827,8.28357029,27.49273173,69.007,..,..,..,1322667,..
Togo,48,33.55,2070,0.268884387,111.5035993,6.02144766,4.347748238,661.0868039,23.14003944,12.36022497,60.489,..,1708106,3.74,8310934,Africa
Tonga,98.33101654,24.626,180,1.764671281,121.0940352,5.05521584,3.322432544,4415.716328,..,41.24872764,70.701,..,..,..,105901,..
Trinidad and Tobago,100,13.302,18190,13.14249382,140.3239788,7.02028561,-2.987340197,15217.97344,..,77.32605293,73.245,..,544631,..,1400283,North America
Trinidad and Tobago,100,13.302,18190,13.14249382,140.3239788,7.02028561,-2.987340197,15217.97344,..,77.32605293,73.245,..,544631,..,1400283,Africa
Tunisia,100,18.01,29890,2.614261782,135.633146,7.25768566,1.918055729,4343.445853,..,55.50015506,76.31,..,2254227,15.33,11839918,Africa
Turkey,100,16.264,415900,5.127196701,174.9687033,4.17974997,7.501997489,14972.88106,..,64.68461768,77.161,96.15052795,14539767,10.82,84495243,Asia
Turkmenistan,100,24.615,71960,12.49811773,..,6.93379545,6.500000047,7318.068043,..,21.25099741,67.956,..,790827,..,6046292,..
Turks and Caicos Islands,100,..,..,..,..,..,-2.490218992,..,..,..,..,..,..,..,..,..
Tuvalu,99.76225281,..,10,0.879894413,..,17.72825432,4.094017717,3591.87201,..,49.31833862,..,..,..,..,11817,..
Uganda,32.72455978,38.947,5840,0.141862619,164.7001798,6.48715639,3.809129029,912.8952059,12.46216011,..,62.516,..,2843137,10.09,45974931,Africa
Uganda,32.72455978,38.947,5840,0.141862619,164.7001798,6.48715639,3.809129029,912.8952059,12.46216011,..,62.516,..,2843137,10.09,45974931,Africa
Ukraine,100,9.4,174840,3.899968181,235.2992044,7.43332434,2.466035625,2988.504215,13.05142021,58.88947945,71.78097561,..,2935992,9.5,43686577,Europe
United Arab Emirates,100,10.456,208250,21.95061433,113.302921,4.14456415,2.37353671,41460.27034,..,94.81992254,77.647,..,2650883,2.46,9910892,Asia
United Kingdom,100,11.4,366380,5.546265944,114.9435916,9.82511234,1.740309443,42970.79128,14.19027996,90.42455049,81.25609756,..,8916251,4.33,67948282,Europe
United Kingdom,100,11.4,366380,5.546265944,114.9435916,9.82511234,1.740309443,42970.79128,14.19027996,90.42455049,81.25609756,..,8916251,4.33,67948282,North America
United States of America,100,11.8,4813720,14.80588242,112.4115573,17.00361443,2.332679395,53636.47538,..,87.27488917,78.53902439,..,18761941,4.36,..,North America
United States of America,100,11.8,4813720,14.80588242,112.4115573,17.00361443,2.332679395,53636.47538,..,87.27488917,78.53902439,..,18761941,4.36,..,Africa
Uruguay,99.8,13.963,6080,1.769167313,174.8000343,9.51635647,1.627753973,14301.78634,14.93610954,70.3223544,77.632,98.61572266,1727095,7.89,3475842,South America
Uzbekistan,100,22.1,111380,3.438864292,..,5.07679749,4.46152609,2290.38133,23.03091049,48.69999885,71.388,..,2435365,5.8,33551824,Asia
Vanuatu,62.8,30.015,170,0.595448671,111.3845888,2.76094961,6.315604199,2832.83983,12.69207954,25.71978784,70.172,..,..,..,308337,..
"Venezuela, RB",99.2,18.232,148740,5.058756948,..,6.22255135,..,..,..,..,72.246,..,2929709,5.05,..,South America
Vietnam,100,16.979,222130,2.348081292,153.6316522,5.92534494,6.81224566,1852.884669,..,58.14,75.241,..,7870501,1.87,97490013,Asia
Virgin Islands (U.S.),100,12.8,..,..,..,..,-0.606447494,29697.31413,..,64.3774943,79.36829268,..,..,..,..,..
West Bank and Gaza,99.7,29.905,..,..,110.9823502,..,1.419367563,3025.232759,..,63.3,73.74,..,654538,25.68,..,Asia
"Yemen, Rep.",79.2,31.04,10060,0.361417938,..,..,-5.071795639,643.1643811,..,26.71835477,66.086,..,2681100,..,..,Asia
Zambia,40.3,36.699,6990,0.414747987,180.9490794,4.39748955,3.504336096,1660.774099,14.80745029,..,63.043,..,2406227,11.63,18468257,Africa
Zambia,40.3,36.699,6990,0.414747987,180.9490794,4.39748955,3.504336096,1660.774099,14.80745029,..,63.043,..,2406227,11.63,18468257,Africa
Zambia,40.3,36.699,6990,0.414747987,180.9490794,4.39748955,3.504336096,1660.774099,14.80745029,..,63.043,..,2406227,11.63,18468257,Africa
Zimbabwe,40.14428329,31.732,10230,0.718570496,105.5084136,5.84977484,4.699399849,1263.278346,20.78960037,24.4,60.812,..,1509901,..,14899771,Africa
